{
  "setup_name": "almind_viuf_hallen_baseline2",
  "court_w_m": 6.1,
  "court_l_m": 13.4,
  "dst_points_m": [
    [
      0.0,
      0.0
    ],
    [
      6.099999904632568,
      0.0
    ],
    [
      6.099999904632568,
      13.399999618530273
    ],
    [
      0.0,
      13.399999618530273
    ]
  ],
  "clicked_points_px": [
    [
      994,
      347
    ],
    [
      1665,
      351
    ],
    [
      2141,
      1026
    ],
    [
      6,
      931
    ]
  ],
  "homography_px_to_m": [
    [
      -0.030486155305299766,
      -0.05157589287951404,
      48.20007320265938
    ],
    [
      0.0013635140128568223,
      -0.22872947565673662,
      78.01379512410799
    ],
    [
      -0.00012877183354447844,
      -0.01188858202653659,
      1.0
    ]
  ],
  "saved_at": "2026-03-06T21:54:32.063347"
}