{
  "setup_name": "almind_viuf_hallen_baseline",
  "court_w_m": 6.1,
  "court_l_m": 13.4,
  "dst_points_m": [
    [
      0.0,
      0.0
    ],
    [
      6.099999904632568,
      0.0
    ],
    [
      6.099999904632568,
      13.399999618530273
    ],
    [
      0.0,
      13.399999618530273
    ]
  ],
  "clicked_points_px": [
    [
      623,
      517
    ],
    [
      1300,
      515
    ],
    [
      1574,
      988
    ],
    [
      343,
      991
    ]
  ],
  "homography_px_to_m": [
    [
      0.08830953092450311,
      0.05216596763472755,
      -81.98664303311953
    ],
    [
      0.0014867999292528856,
      0.5032817760521122,
      -261.1229545748665
    ],
    [
      6.0617071443258325e-05,
      0.016902921552484695,
      0.9999999999999999
    ]
  ],
  "saved_at": "2026-02-27T19:49:24.914785"
}