{
  "setup_name": "test1",
  "court_w_m": 6.1,
  "court_l_m": 13.4,
  "dst_points_m": [
    [
      0.0,
      0.0
    ],
    [
      6.099999904632568,
      0.0
    ],
    [
      6.099999904632568,
      13.399999618530273
    ],
    [
      0.0,
      13.399999618530273
    ]
  ],
  "clicked_points_px": [
    [
      648,
      462
    ],
    [
      1272,
      462
    ],
    [
      1591,
      996
    ],
    [
      340,
      992
    ]
  ],
  "homography_px_to_m": [
    [
      0.08047529180499069,
      0.046766773350824756,
      -73.75423837771503
    ],
    [
      -2.8586016720728145e-17,
      0.4149156346625519,
      -191.69102321409886
    ],
    [
      4.9386594237965005e-05,
      0.015518196866577696,
      1.0
    ]
  ],
  "saved_at": "2026-03-01T12:27:27.584490"
}