{
  "setup_name": "almind_viuf_hallen_baseline2",
  "court_w_m": 6.1,
  "court_l_m": 13.4,
  "dst_points_m": [
    [
      0.0,
      0.0
    ],
    [
      6.099999904632568,
      0.0
    ],
    [
      6.099999904632568,
      13.399999618530273
    ],
    [
      0.0,
      13.399999618530273
    ]
  ],
  "clicked_points_px": [
    [
      996,
      338
    ],
    [
      1668,
      341
    ],
    [
      2148,
      1021
    ],
    [
      14,
      921
    ]
  ],
  "homography_px_to_m": [
    [
      -0.032926880282492146,
      -0.055461743460389824,
      51.541242050973956
    ],
    [
      0.0010968001487818035,
      -0.24568323332711353,
      81.9485199163777
    ],
    [
      -0.00017861384808025453,
      -0.012776255443152583,
      1.0
    ]
  ],
  "saved_at": "2026-03-13T22:06:07.837470"
}